{
    "action accuracy": [
        0.684,
        "491/718"
    ],
    "completion rate": [
        0.405,
        "64/158"
    ],
    "tap accuracy": 0.7426326129666012,
    "input accuracy": 0.8620689655172413,
    "end accuracy": 0.5569620253164557
}