{"acction accuracy": 0.44846796657381616, "end accuracy": 0.17721518987341772, "choose accuracy": 0.5596153846153846, "input accuracy": 0.075, "task complete rate": 0.20253164556962025}