{
    "action accuracy": [
        0.887,
        "637/718"
    ],
    "completion rate": [
        0.696,
        "110/158"
    ],
    "tap accuracy": 0.9048543689320389,
    "input accuracy": 0.9714285714285714,
    "end accuracy": 0.8670886075949367
}